Index_,Total_sold,Preview
1,311 Đã bán,(67)
2,,
3,81 Đã bán,(28)
4,22 Đã bán,(10)
5,,(3)
6,9 Đã bán,(2)
7,15 Đã bán,(2)
8,83 Đã bán,(40)
9,18 Đã bán,(4)
10,24 Đã bán,(11)
11,25 Đã bán,(10)
12,33 Đã bán,(18)
13,9 Đã bán,(1)
14,73 Đã bán,(31)
15,64 Đã bán,(28)
16,14 Đã bán,(2)
17,351 Đã bán,(108)
18,118 Đã bán,(35)
19,8 Đã bán,(3)
20,126 Đã bán,(29)
21,13 Đã bán,(9)
22,15 Đã bán,(3)
23,75 Đã bán,(21)
24,38 Đã bán,(12)
25,9 Đã bán,(2)
26,97 Đã bán,(23)
27,261 Đã bán,(133)
28,69 Đã bán,(28)
29,127 Đã bán,(27)
30,40 Đã bán,(7)
31,33 Đã bán,(9)
32,103 Đã bán,(39)
33,117 Đã bán,(33)
34,294 Đã bán,(118)
35,302 Đã bán,(126)
36,,
37,91 Đã bán,(49)
38,,
39,28 Đã bán,(15)
40,129 Đã bán,(35)
